location,date,total_cases,new_cases,new_cases_smoothed,total_deaths,new_deaths,new_deaths_smoothed,total_cases_per_million,new_cases_per_million,new_cases_smoothed_per_million,total_deaths_per_million,new_deaths_per_million,new_deaths_smoothed_per_million,reproduction_rate,new_tests,total_tests,total_tests_per_thousand,new_tests_per_thousand,new_tests_smoothed,new_tests_smoothed_per_thousand,positive_rate,stringency_index
New Zealand,2020-02-28,0.0,1.0,6.42934840425532,0.0,0.07407407407407407,0.0,0.207,0.207,1.3332074468085118,4.6281851851851785,0.015347578347578343,0.01435904255319151,0.8726966292134837,0.0,0.0,150.28651169590646,1.0263047619047618,0.0,1.003940860215054,0.0023440860215053773,19.44
New Zealand,2020-02-29,0.0,0.0,6.42934840425532,0.0,0.07407407407407407,0.0,0.207,0.0,1.3332074468085118,4.6281851851851785,0.015347578347578343,0.01435904255319151,0.8726966292134837,0.0,0.0,150.28651169590646,1.0263047619047618,0.0,1.003940860215054,0.0023440860215053773,19.44
New Zealand,2020-03-01,0.0,0.0,6.42934840425532,0.0,0.07407407407407407,0.0,0.207,0.0,1.3332074468085118,4.6281851851851785,0.015347578347578343,0.01435904255319151,0.8726966292134837,0.0,0.0,0.047,1.0263047619047618,0.0,1.003940860215054,0.0023440860215053773,19.44
New Zealand,2020-03-02,0.0,0.0,6.42934840425532,0.0,0.07407407407407407,0.0,0.207,0.0,1.3332074468085118,4.6281851851851785,0.015347578347578343,0.01435904255319151,0.8726966292134837,0.0,0.0,0.053,0.006,0.0,1.003940860215054,0.0023440860215053773,19.44
New Zealand,2020-03-03,0.0,0.0,6.42934840425532,0.0,0.07407407407407407,0.0,0.207,0.0,1.3332074468085118,4.6281851851851785,0.015347578347578343,0.01435904255319151,0.8726966292134837,0.0,0.0,0.058,0.005,0.0,1.003940860215054,0.0023440860215053773,19.44
New Zealand,2020-03-04,0.0,2.0,0.429,0.0,0.07407407407407407,0.0,0.622,0.415,0.089,4.6281851851851785,0.015347578347578343,0.0,0.8726966292134837,0.0,0.0,0.063,0.005,0.0,1.003940860215054,0.0023440860215053773,19.44
New Zealand,2020-03-05,0.0,0.0,0.429,0.0,0.07407407407407407,0.0,0.622,0.0,0.089,4.6281851851851785,0.015347578347578343,0.0,0.8726966292134837,0.0,0.0,0.069,0.006,0.0,1.003940860215054,0.0023440860215053773,19.44
New Zealand,2020-03-06,0.0,1.0,0.429,0.0,0.07407407407407407,0.0,0.829,0.207,0.089,4.6281851851851785,0.015347578347578343,0.0,0.8726966292134837,0.0,0.0,0.083,0.014,0.0,1.003940860215054,0.0023440860215053773,19.44
New Zealand,2020-03-07,0.0,1.0,0.571,0.0,0.07407407407407407,0.0,1.037,0.207,0.118,4.6281851851851785,0.015347578347578343,0.0,0.8726966292134837,0.0,0.0,0.092,0.009,0.0,1.003940860215054,0.0023440860215053773,19.44
New Zealand,2020-03-08,0.0,0.0,0.571,0.0,0.07407407407407407,0.0,1.037,0.0,0.118,4.6281851851851785,0.015347578347578343,0.0,0.8726966292134837,0.0,0.0,0.097,0.006,0.0,0.007,0.016,19.44
New Zealand,2020-03-09,0.0,0.0,0.571,0.0,0.07407407407407407,0.0,1.037,0.0,0.118,4.6281851851851785,0.015347578347578343,0.0,0.8726966292134837,0.0,0.0,0.114,0.016,0.0,0.009,0.014,19.44
New Zealand,2020-03-10,0.0,0.0,0.571,0.0,0.07407407407407407,0.0,1.037,0.0,0.118,4.6281851851851785,0.015347578347578343,0.0,0.8726966292134837,0.0,0.0,0.132,0.018,0.0,0.011,0.011,19.44
New Zealand,2020-03-11,0.0,0.0,0.286,0.0,0.07407407407407407,0.0,1.037,0.0,0.059,4.6281851851851785,0.015347578347578343,0.0,0.8726966292134837,0.0,0.0,0.149,0.017,0.0,0.012,0.005,19.44
New Zealand,2020-03-12,0.0,0.0,0.286,0.0,0.07407407407407407,0.0,1.037,0.0,0.059,4.6281851851851785,0.015347578347578343,0.0,0.8726966292134837,0.0,0.0,0.169,0.02,0.0,0.014,0.004,19.44
New Zealand,2020-03-13,0.0,0.0,0.143,0.0,0.07407407407407407,0.0,1.037,0.0,0.03,4.6281851851851785,0.015347578347578343,0.0,0.8726966292134837,0.0,0.0,0.194,0.025,0.0,0.016,0.002,19.44
New Zealand,2020-03-14,0.0,1.0,0.143,0.0,0.07407407407407407,0.0,1.244,0.207,0.03,4.6281851851851785,0.015347578347578343,0.0,0.8726966292134837,0.0,0.0,0.221,0.027,0.0,0.018,0.002,19.44
New Zealand,2020-03-15,0.0,2.0,0.429,0.0,0.07407407407407407,0.0,1.659,0.415,0.089,4.6281851851851785,0.015347578347578343,0.0,0.8726966292134837,0.0,0.0,0.239,0.018,0.0,0.02,0.004,19.44
New Zealand,2020-03-16,0.0,0.0,0.429,0.0,0.07407407407407407,0.0,1.659,0.0,0.089,4.6281851851851785,0.015347578347578343,0.0,0.8726966292134837,0.0,0.0,0.323,0.084,0.0,0.03,0.003,36.11
New Zealand,2020-03-17,0.0,4.0,1.0,0.0,0.07407407407407407,0.0,2.488,0.829,0.207,4.6281851851851785,0.015347578347578343,0.0,0.8726966292134837,0.0,0.0,0.514,0.191,0.0,0.055,0.004,36.11
New Zealand,2020-03-18,0.0,8.0,2.143,0.0,0.07407407407407407,0.0,4.147,1.659,0.444,4.6281851851851785,0.015347578347578343,0.0,0.8726966292134837,0.0,0.0,0.723,0.209,0.0,0.082,0.005,36.11
New Zealand,2020-03-19,0.0,8.0,3.286,0.0,0.07407407407407407,0.0,5.806,1.659,0.681,4.6281851851851785,0.015347578347578343,0.0,0.8726966292134837,0.0,0.0,1.01,0.287,0.0,0.12,0.006,36.11
New Zealand,2020-03-20,0.0,11.0,4.857,0.0,0.07407407407407407,0.0,8.088,2.281,1.007,4.6281851851851785,0.015347578347578343,0.0,0.8726966292134837,0.0,0.0,1.37,0.36,0.0,0.168,0.006,38.89
New Zealand,2020-03-21,0.0,13.0,6.571,0.0,0.07407407407407407,0.0,10.783,2.696,1.363,4.6281851851851785,0.015347578347578343,0.0,0.8726966292134837,0.0,0.0,1.636,0.266,0.0,0.202,0.007,58.33
New Zealand,2020-03-22,0.0,50.0,13.429,0.0,0.07407407407407407,0.0,21.152,10.369,2.785,4.6281851851851785,0.015347578347578343,0.0,0.8726966292134837,0.0,0.0,1.817,0.181,0.0,0.225,0.012,58.33
New Zealand,2020-03-23,0.0,0.0,13.429,0.0,0.07407407407407407,0.0,21.152,0.0,2.785,4.6281851851851785,0.015347578347578343,0.0,1.71,0.0,0.0,2.21,0.394,0.0,0.27,0.01,79.63
New Zealand,2020-03-24,0.0,53.0,20.429,0.0,0.07407407407407407,0.0,32.143,10.991,4.236,4.6281851851851785,0.015347578347578343,0.0,1.73,0.0,0.0,2.665,0.455,0.0,0.307,0.014,87.04
New Zealand,2020-03-25,0.0,50.0,26.429,0.0,0.07407407407407407,0.0,42.511,10.369,5.481,4.6281851851851785,0.015347578347578343,0.0,1.73,0.0,0.0,3.07,0.405,0.0,0.335,0.016,90.74
New Zealand,2020-03-26,0.0,78.0,36.429,0.0,0.07407407407407407,0.0,58.687,16.175,7.554,4.6281851851851785,0.015347578347578343,0.0,1.7,0.0,0.0,3.503,0.433,0.0,0.356,0.021,96.3
New Zealand,2020-03-27,0.0,85.0,47.0,0.0,0.07407407407407407,0.0,76.313,17.627,9.747,4.6281851851851785,0.015347578347578343,0.0,1.66,0.0,0.0,3.887,0.384,0.0,0.36,0.027,96.3
New Zealand,2020-03-28,0.0,83.0,57.0,0.0,0.07407407407407407,0.0,93.525,17.212,11.82,4.6281851851851785,0.015347578347578343,0.0,1.6,0.0,0.0,4.17,0.283,0.0,0.362,0.033,96.3
New Zealand,2020-03-29,0.0,63.0,58.857,0.0,1.0,0.143,106.59,13.064,12.205,0.207,0.207,0.03,1.54,0.0,0.0,4.374,0.204,0.0,0.365,0.033,96.3
New Zealand,2020-03-30,0.0,75.0,69.571,0.0,0.0,0.143,122.143,15.553,14.427,0.207,0.0,0.03,1.48,0.0,0.0,4.78,0.406,0.0,0.367,0.039,96.3
New Zealand,2020-03-31,0.0,58.0,70.286,0.0,0.0,0.143,134.17,12.028,14.575,0.207,0.0,0.03,1.42,0.0,0.0,5.202,0.422,0.0,0.362,0.04,96.3
New Zealand,2020-04-01,0.0,61.0,71.857,0.0,0.0,0.143,146.82,12.65,14.901,0.207,0.0,0.03,1.36,0.0,0.0,5.962,0.759,0.0,0.413,0.036,96.3
New Zealand,2020-04-02,0.0,89.0,73.429,0.0,0.0,0.143,165.276,18.456,15.227,0.207,0.0,0.03,1.31,0.0,0.0,6.803,0.841,0.0,0.472,0.032,96.3
New Zealand,2020-04-03,0.0,71.0,71.429,0.0,0.0,0.143,180.0,14.723,14.812,0.207,0.0,0.03,1.25,0.0,0.0,7.707,0.904,0.0,0.546,0.027,96.3
New Zealand,2020-04-04,0.0,82.0,71.286,0.0,0.0,0.143,197.004,17.005,14.783,0.207,0.0,0.03,1.2,0.0,0.0,8.247,0.54,0.0,0.583,0.025,96.3
New Zealand,2020-04-05,0.0,89.0,75.0,0.0,0.0,0.0,215.46,18.456,15.553,0.207,0.0,0.0,1.14,0.0,0.0,8.774,0.527,0.0,0.629,0.025,96.3
New Zealand,2020-04-06,0.0,67.0,73.857,0.0,0.0,0.0,229.354,13.894,15.316,0.207,0.0,0.0,1.08,0.0,0.0,9.474,0.701,0.0,0.671,0.023,96.3
New Zealand,2020-04-07,0.0,54.0,73.286,0.0,0.0,0.0,240.552,11.198,15.197,0.207,0.0,0.0,1.02,0.0,0.0,10.477,1.002,0.0,0.754,0.02,96.3
New Zealand,2020-04-08,0.0,50.0,71.714,0.0,0.0,0.0,250.921,10.369,14.872,0.207,0.0,0.0,0.96,0.0,0.0,11.245,0.768,0.0,0.755,0.02,96.3
New Zealand,2020-04-09,0.0,29.0,63.143,0.0,0.0,0.0,256.935,6.014,13.094,0.207,0.0,0.0,0.91,0.0,0.0,12.031,0.786,0.0,0.747,0.018,96.3
New Zealand,2020-04-10,0.0,44.0,59.286,0.0,1.0,0.143,266.059,9.124,12.294,0.415,0.207,0.03,0.86,0.0,0.0,12.387,0.356,0.0,0.669,0.018,96.3
New Zealand,2020-04-11,0.0,29.0,51.714,0.0,2.0,0.429,272.073,6.014,10.724,0.829,0.415,0.089,0.81,0.0,0.0,12.759,0.372,0.0,0.645,0.017,96.3
New Zealand,2020-04-12,0.0,18.0,41.571,0.0,0.0,0.429,275.806,3.733,8.621,0.829,0.0,0.089,0.76,0.0,0.0,13.039,0.28,0.0,0.609,0.014,96.3
New Zealand,2020-04-13,0.0,19.0,34.714,0.0,1.0,0.571,279.746,3.94,7.199,1.037,0.207,0.118,0.72,0.0,0.0,13.346,0.307,0.0,0.553,0.013,96.3
New Zealand,2020-04-14,0.0,17.0,29.429,0.0,4.0,1.143,283.271,3.525,6.103,1.866,0.829,0.237,0.69,0.0,0.0,13.994,0.648,0.0,0.502,0.012,96.3
New Zealand,2020-04-15,0.0,20.0,25.143,0.0,0.0,1.143,287.419,4.147,5.214,1.866,0.0,0.237,0.66,0.0,0.0,14.827,0.834,0.0,0.512,0.01,96.3
New Zealand,2020-04-16,0.0,15.0,23.143,0.0,0.0,1.143,290.529,3.111,4.799,1.866,0.0,0.237,0.63,0.0,0.0,15.739,0.912,0.0,0.53,0.009,96.3
New Zealand,2020-04-17,0.0,8.0,18.0,0.0,2.0,1.286,292.188,1.659,3.733,2.281,0.415,0.267,0.6,0.0,0.0,16.745,1.006,0.0,0.623,0.006,96.3
New Zealand,2020-04-18,0.0,13.0,15.714,0.0,0.0,1.0,294.884,2.696,3.259,2.281,0.0,0.207,0.57,0.0,0.0,17.41,0.665,0.0,0.664,0.005,96.3
New Zealand,2020-04-19,0.0,9.0,14.429,0.0,1.0,1.143,296.75,1.866,2.992,2.488,0.207,0.237,0.55,0.0,0.0,17.888,0.478,0.0,0.693,0.004,96.3
New Zealand,2020-04-20,0.0,9.0,13.0,0.0,0.0,1.0,298.617,1.866,2.696,2.488,0.0,0.207,0.53,0.0,0.0,19.076,1.189,0.0,0.819,0.003,96.3
New Zealand,2020-04-21,0.0,5.0,11.286,0.0,1.0,0.571,299.654,1.037,2.34,2.696,0.207,0.118,0.52,0.0,0.0,20.554,1.477,0.0,0.937,0.002,96.3
New Zealand,2020-04-22,0.0,6.0,9.286,0.0,1.0,0.714,300.898,1.244,1.926,2.903,0.207,0.148,0.5,0.0,0.0,21.848,1.295,0.0,1.003,0.002,96.3
New Zealand,2020-04-23,0.0,5.0,7.857,0.0,3.0,1.143,301.935,1.037,1.629,3.525,0.622,0.237,0.49,0.0,0.0,23.225,1.377,0.0,1.069,0.002,96.3
New Zealand,2020-04-24,0.0,5.0,7.429,0.0,1.0,1.0,302.972,1.037,1.54,3.733,0.207,0.207,0.48,0.0,0.0,24.582,1.357,0.0,1.12,0.001,96.3
New Zealand,2020-04-25,0.0,9.0,6.857,0.0,0.0,1.0,304.838,1.866,1.422,3.733,0.0,0.207,0.47,0.0,0.0,25.151,0.568,0.0,1.106,0.001,96.3
New Zealand,2020-04-26,0.0,-1.0,5.429,0.0,1.0,1.0,304.631,-0.207,1.126,3.94,0.207,0.207,0.46,0.0,0.0,25.586,0.435,0.0,1.1,0.001,96.3
New Zealand,2020-04-27,0.0,3.0,4.571,0.0,0.0,1.0,305.253,0.622,0.948,3.94,0.0,0.207,0.45,0.0,0.0,26.007,0.422,0.0,0.99,0.001,96.3
New Zealand,2020-04-28,0.0,2.0,4.143,0.0,0.0,0.857,305.668,0.415,0.859,3.94,0.0,0.178,0.44,0.0,0.0,27.065,1.058,0.0,0.93,0.001,87.04
New Zealand,2020-04-29,0.0,2.0,3.571,0.0,0.0,0.714,306.082,0.415,0.741,3.94,0.0,0.148,0.44,0.0,0.0,28.175,1.11,0.0,0.904,0.001,83.33
New Zealand,2020-04-30,0.0,3.0,3.286,0.0,0.0,0.286,306.704,0.622,0.681,3.94,0.0,0.059,0.43,0.0,0.0,29.31,1.135,0.0,0.869,0.001,83.33
New Zealand,2020-05-01,0.0,6.0,3.429,0.0,1.0,0.286,307.949,1.244,0.711,4.147,0.207,0.059,0.43,0.0,0.0,30.483,1.172,0.0,0.843,0.001,83.33
New Zealand,2020-05-02,0.0,2.0,2.429,0.0,0.0,0.286,308.363,0.415,0.504,4.147,0.0,0.059,0.42,0.0,0.0,31.064,0.581,0.0,0.845,0.001,83.33
New Zealand,2020-05-03,0.0,0.0,2.571,0.0,0.0,0.143,308.363,0.0,0.533,4.147,0.0,0.03,0.41,0.0,0.0,31.408,0.344,0.0,0.832,0.001,83.33
New Zealand,2020-05-04,0.0,-1.0,2.0,0.0,0.0,0.143,308.156,-0.207,0.415,4.147,0.0,0.03,0.41,0.0,0.0,32.494,1.086,0.0,0.927,0.0,83.33
New Zealand,2020-05-05,0.0,2.0,2.0,0.0,1.0,0.286,308.571,0.415,0.415,4.355,0.207,0.059,0.41,0.0,0.0,33.917,1.423,0.0,0.979,0.0,83.33
New Zealand,2020-05-06,0.0,1.0,1.857,0.0,0.0,0.286,308.778,0.207,0.385,4.355,0.0,0.059,0.41,0.0,0.0,35.428,1.51,0.0,1.036,0.0,83.33
New Zealand,2020-05-07,0.0,1.0,1.571,0.0,0.0,0.286,308.985,0.207,0.326,4.355,0.0,0.059,0.41,0.0,0.0,37.048,1.62,0.0,1.105,0.0,83.33
New Zealand,2020-05-08,0.0,2.0,1.0,0.0,0.0,0.143,309.4,0.415,0.207,4.355,0.0,0.03,0.41,0.0,0.0,38.797,1.749,0.0,1.188,0.0,83.33
New Zealand,2020-05-09,0.0,2.0,1.0,0.0,0.0,0.143,309.815,0.415,0.207,4.355,0.0,0.03,0.41,3435.0,190524.0,39.509,0.712,0.0,1.206,0.0,83.33
New Zealand,2020-05-10,0.0,3.0,1.429,0.0,0.0,0.143,310.437,0.622,0.296,4.355,0.0,0.03,0.41,1745.0,192269.0,39.871,0.362,0.0,1.209,0.0,83.33
New Zealand,2020-05-11,0.0,0.0,1.571,0.0,0.0,0.143,310.437,0.0,0.326,4.355,0.0,0.03,0.4,5427.0,197696.0,40.997,1.125,0.0,1.215,0.0,83.33
New Zealand,2020-05-12,0.0,0.0,1.286,0.0,0.0,0.0,310.437,0.0,0.267,4.355,0.0,0.0,0.39,7495.0,205191.0,42.551,1.554,0.0,1.233,0.0,83.33
New Zealand,2020-05-13,0.0,0.0,1.143,0.0,0.0,0.0,310.437,0.0,0.237,4.355,0.0,0.0,0.39,6857.0,212048.0,43.973,1.422,0.0,1.221,0.0,83.33
New Zealand,2020-05-14,0.0,1.0,1.143,0.0,0.0,0.0,310.644,0.207,0.237,4.355,0.0,0.0,0.39,6582.0,218630.0,45.338,1.365,5711.0,1.184,0.0,39.81
New Zealand,2020-05-15,0.0,0.0,0.857,0.0,0.0,0.0,310.644,0.0,0.178,4.355,0.0,0.0,0.4,5780.0,224410.0,46.537,1.199,5332.0,1.106,0.0,39.81
New Zealand,2020-05-16,0.0,1.0,0.714,0.0,0.0,0.0,310.852,0.207,0.148,4.355,0.0,0.0,0.4,2379.0,226789.0,47.03,0.493,5181.0,1.074,0.0,39.81
New Zealand,2020-05-17,0.0,0.0,0.286,0.0,0.0,0.0,310.852,0.0,0.059,4.355,0.0,0.0,0.41,1552.0,228341.0,47.352,0.322,5153.0,1.069,0.0,39.81
New Zealand,2020-05-18,0.0,0.0,0.286,0.0,0.0,0.0,310.852,0.0,0.059,4.355,0.0,0.0,0.42,5397.0,233738.0,48.471,1.119,5149.0,1.068,0.0,39.81
New Zealand,2020-05-19,1503.0,4.0,0.857,0.0,0.0,0.0,311.681,0.829,0.178,4.355,0.0,0.0,0.43,5701.0,239439.0,49.653,1.182,4893.0,1.015,0.0,39.81
New Zealand,2020-05-20,1503.0,0.0,0.857,0.0,0.0,0.0,311.681,0.0,0.178,4.355,0.0,0.0,0.4,5640.0,245079.0,50.823,1.17,4719.0,0.979,0.0,39.81
New Zealand,2020-05-21,1504.0,1.0,0.857,0.0,0.0,0.0,311.889,0.207,0.178,4.355,0.0,0.0,0.38,5657.0,250736.0,51.996,1.173,4587.0,0.951,0.0,39.81
New Zealand,2020-05-22,1504.0,0.0,0.857,0.0,0.0,0.0,311.889,0.0,0.178,4.355,0.0,0.0,0.35,4727.0,255463.0,52.976,0.98,4436.0,0.92,0.0,39.81
New Zealand,2020-05-23,1504.0,0.0,0.714,0.0,0.0,0.0,311.889,0.0,0.148,4.355,0.0,0.0,0.33,1472.0,256935.0,53.281,0.305,4307.0,0.893,0.0,39.81
New Zealand,2020-05-24,1504.0,0.0,0.714,0.0,0.0,0.0,311.889,0.0,0.148,4.355,0.0,0.0,0.31,1119.0,258054.0,53.513,0.232,4245.0,0.88,0.0,39.81
New Zealand,2020-05-25,1504.0,0.0,0.714,0.0,0.0,0.0,311.889,0.0,0.148,4.355,0.0,0.0,0.29,4428.0,262482.0,54.432,0.918,4106.0,0.851,0.0,39.81
New Zealand,2020-05-26,1504.0,0.0,0.143,0.0,0.0,0.0,311.889,0.0,0.03,4.355,0.0,0.0,0.28,4017.0,266499.0,55.265,0.833,3866.0,0.802,0.0,39.81
New Zealand,2020-05-27,1504.0,0.0,0.143,0.0,1.0,0.143,311.889,0.0,0.03,4.562,0.207,0.03,0.27,3482.0,269981.0,55.987,0.722,3557.0,0.738,0.0,39.81
New Zealand,2020-05-28,1504.0,0.0,0.0,22.0,0.0,0.143,311.889,0.0,0.0,4.562,0.0,0.03,0.26,3052.0,273033.0,56.62,0.633,3185.0,0.66,0.0,39.81
New Zealand,2020-05-29,1504.0,0.0,0.0,22.0,0.0,0.143,311.889,0.0,0.0,4.562,0.0,0.03,0.26,2413.0,275446.0,57.12,0.5,2855.0,0.592,0.0,37.04
New Zealand,2020-05-30,1504.0,0.0,0.0,22.0,0.0,0.143,311.889,0.0,0.0,4.562,0.0,0.03,0.26,769.0,276215.0,57.279,0.159,2754.0,0.571,0.0,37.04
New Zealand,2020-05-31,1504.0,0.0,0.0,22.0,0.0,0.143,311.889,0.0,0.0,4.562,0.0,0.03,0.26,177.0,276392.0,57.316,0.037,2620.0,0.543,0.0,37.04
New Zealand,2020-06-01,1504.0,0.0,0.0,22.0,0.0,0.143,311.889,0.0,0.0,4.562,0.0,0.03,0.27,671.0,277063.0,57.455,0.139,2083.0,0.432,0.0,37.04
New Zealand,2020-06-02,1504.0,0.0,0.0,22.0,0.0,0.143,311.889,0.0,0.0,4.562,0.0,0.03,0.28,1149.0,278212.0,57.694,0.238,1673.0,0.347,0.0,37.04
New Zealand,2020-06-03,1504.0,0.0,0.0,22.0,0.0,0.0,311.889,0.0,0.0,4.562,0.0,0.0,0.29,2720.0,280932.0,58.258,0.564,1564.0,0.324,0.0,37.04
New Zealand,2020-06-04,1504.0,0.0,0.0,22.0,0.0,0.0,311.889,0.0,0.0,4.562,0.0,0.0,0.3,2717.0,283649.0,58.821,0.563,1517.0,0.315,0.0,37.04
New Zealand,2020-06-05,1504.0,0.0,0.0,22.0,0.0,0.0,311.889,0.0,0.0,4.562,0.0,0.0,0.32,2993.0,286642.0,59.442,0.621,1599.0,0.332,0.0,37.04
New Zealand,2020-06-06,1504.0,0.0,0.0,22.0,0.0,0.0,311.889,0.0,0.0,4.562,0.0,0.0,0.34,2076.0,288718.0,59.872,0.431,1786.0,0.37,0.0,37.04
New Zealand,2020-06-07,1504.0,0.0,0.0,22.0,0.0,0.0,311.889,0.0,0.0,4.562,0.0,0.0,0.36,794.0,289512.0,60.037,0.165,1874.0,0.389,0.0,37.04
New Zealand,2020-06-08,1504.0,0.0,0.0,22.0,0.0,0.0,311.889,0.0,0.0,4.562,0.0,0.0,0.4,990.0,290502.0,60.242,0.205,1920.0,0.398,0.0,25.93
New Zealand,2020-06-09,1504.0,0.0,0.0,22.0,0.0,0.0,311.889,0.0,0.0,4.562,0.0,0.0,0.43,2641.0,293143.0,60.79,0.548,2133.0,0.442,0.0,25.93
New Zealand,2020-06-10,1504.0,0.0,0.0,22.0,0.0,0.0,311.889,0.0,0.0,4.562,0.0,0.0,0.47,3427.0,296570.0,61.501,0.711,2234.0,0.463,0.0,25.93
New Zealand,2020-06-11,1504.0,0.0,0.0,22.0,0.0,0.0,311.889,0.0,0.0,4.562,0.0,0.0,0.51,2915.0,299485.0,62.105,0.604,2262.0,0.469,0.0,25.93
New Zealand,2020-06-12,1504.0,0.0,0.0,22.0,0.0,0.0,311.889,0.0,0.0,4.562,0.0,0.0,0.57,2934.0,302419.0,62.713,0.608,2254.0,0.467,0.0,25.93
New Zealand,2020-06-13,1504.0,0.0,0.0,22.0,0.0,0.0,311.889,0.0,0.0,4.562,0.0,0.0,0.63,2484.0,304903.0,63.229,0.515,2312.0,0.479,0.0,25.93
New Zealand,2020-06-14,1504.0,0.0,0.0,22.0,0.0,0.0,311.889,0.0,0.0,4.562,0.0,0.0,0.69,760.0,305663.0,63.386,0.158,2307.0,0.478,0.0,25.93
New Zealand,2020-06-15,1506.0,2.0,0.286,22.0,0.0,0.0,312.303,0.415,0.059,4.562,0.0,0.0,0.77,1460.0,307123.0,63.689,0.303,2374.0,0.492,0.0,25.93
New Zealand,2020-06-16,1506.0,0.0,0.286,22.0,0.0,0.0,312.303,0.0,0.059,4.562,0.0,0.0,0.85,3567.0,310690.0,64.429,0.74,2507.0,0.52,0.0,25.93
New Zealand,2020-06-17,1507.0,1.0,0.429,22.0,0.0,0.0,312.511,0.207,0.089,4.562,0.0,0.0,0.94,4832.0,315522.0,65.431,1.002,2707.0,0.561,0.0,25.93
New Zealand,2020-06-18,1507.0,0.0,0.429,22.0,0.0,0.0,312.511,0.0,0.089,4.562,0.0,0.0,0.99,6310.0,321832.0,66.739,1.309,3192.0,0.662,0.0,25.93
New Zealand,2020-06-19,1509.0,2.0,0.714,22.0,0.0,0.0,312.926,0.415,0.148,4.562,0.0,0.0,1.05,7704.0,329536.0,68.337,1.598,3874.0,0.803,0.0,25.93
New Zealand,2020-06-20,1511.0,2.0,1.0,22.0,0.0,0.0,313.34,0.415,0.207,4.562,0.0,0.0,1.12,6058.0,335594.0,69.593,1.256,4384.0,0.909,0.0,25.93
New Zealand,2020-06-21,1513.0,2.0,1.286,22.0,0.0,0.0,313.755,0.415,0.267,4.562,0.0,0.0,1.15,3451.0,339045.0,70.309,0.716,4769.0,0.989,0.0,25.93
New Zealand,2020-06-22,1515.0,2.0,1.286,22.0,0.0,0.0,314.17,0.415,0.267,4.562,0.0,0.0,1.17,4151.0,343196.0,71.17,0.861,5153.0,1.069,0.0,25.93
New Zealand,2020-06-23,1516.0,1.0,1.429,22.0,0.0,0.0,314.377,0.207,0.296,4.562,0.0,0.0,1.17,8968.0,352164.0,73.029,1.86,5925.0,1.229,0.0,25.93
New Zealand,2020-06-24,1519.0,3.0,1.714,22.0,0.0,0.0,314.999,0.622,0.355,4.562,0.0,0.0,1.18,10359.0,362523.0,75.177,2.148,6714.0,1.392,0.0,25.93
New Zealand,2020-06-25,1520.0,1.0,1.857,22.0,0.0,0.0,315.207,0.207,0.385,4.562,0.0,0.0,1.16,10006.0,372529.0,77.252,2.075,7242.0,1.502,0.0,25.93
New Zealand,2020-06-26,1522.0,2.0,1.857,22.0,0.0,0.0,315.621,0.415,0.385,4.562,0.0,0.0,1.16,9091.0,381620.0,79.138,1.885,7441.0,1.543,0.0,25.93
New Zealand,2020-06-27,1526.0,4.0,2.143,22.0,0.0,0.0,316.451,0.829,0.444,4.562,0.0,0.0,1.14,5465.0,387085.0,80.271,1.133,7356.0,1.525,0.0,22.22
New Zealand,2020-06-28,1528.0,2.0,2.143,22.0,0.0,0.0,316.866,0.415,0.444,4.562,0.0,0.0,1.11,2809.0,389894.0,80.853,0.583,7264.0,1.506,0.0,22.22
New Zealand,2020-06-29,1528.0,0.0,1.857,22.0,0.0,0.0,316.866,0.0,0.385,4.562,0.0,0.0,1.08,1815.0,391709.0,81.23,0.376,6930.0,1.437,0.0,22.22
New Zealand,2020-06-30,1528.0,0.0,1.714,22.0,0.0,0.0,316.866,0.0,0.355,4.562,0.0,0.0,1.06,4733.0,396442.0,82.211,0.981,6325.0,1.312,0.0,22.22
New Zealand,2020-07-01,1530.0,2.0,1.571,22.0,0.0,0.0,317.28,0.415,0.326,4.562,0.0,0.0,1.05,3404.0,399846.0,82.917,0.706,5332.0,1.106,0.0,22.22
New Zealand,2020-07-02,1530.0,0.0,1.429,22.0,0.0,0.0,317.28,0.0,0.296,4.562,0.0,0.0,1.04,3728.0,403574.0,83.69,0.773,4435.0,0.92,0.0,22.22
New Zealand,2020-07-03,1530.0,0.0,1.143,22.0,0.0,0.0,317.28,0.0,0.237,4.562,0.0,0.0,1.04,2091.0,405665.0,84.124,0.434,3435.0,0.712,0.0,22.22
New Zealand,2020-07-04,1533.0,3.0,1.0,22.0,0.0,0.0,317.903,0.622,0.207,4.562,0.0,0.0,1.06,587.0,406252.0,84.246,0.122,2738.0,0.568,0.0,22.22
New Zealand,2020-07-05,1534.0,1.0,0.857,22.0,0.0,0.0,318.11,0.207,0.178,4.562,0.0,0.0,1.06,2611.0,408863.0,84.787,0.541,2710.0,0.562,0.0,22.22
New Zealand,2020-07-06,1536.0,2.0,1.143,22.0,0.0,0.0,318.525,0.415,0.237,4.562,0.0,0.0,1.05,1850.0,410713.0,85.171,0.384,2715.0,0.563,0.0,22.22
New Zealand,2020-07-07,1537.0,1.0,1.286,22.0,0.0,0.0,318.732,0.207,0.267,4.562,0.0,0.0,1.04,2188.0,412901.0,85.624,0.454,2351.0,0.488,0.001,22.22
New Zealand,2020-07-08,1540.0,3.0,1.429,22.0,0.0,0.0,319.354,0.622,0.296,4.562,0.0,0.0,1.04,3003.0,415904.0,86.247,0.623,2294.0,0.476,0.001,22.22
New Zealand,2020-07-09,1542.0,2.0,1.714,22.0,0.0,0.0,319.769,0.415,0.355,4.562,0.0,0.0,1.02,2665.0,418569.0,86.8,0.553,2142.0,0.444,0.001,22.22
New Zealand,2020-07-10,1543.0,1.0,1.857,22.0,0.0,0.0,319.976,0.207,0.385,4.562,0.0,0.0,1.0,2102.0,420671.0,87.236,0.436,2144.0,0.445,0.001,22.22
New Zealand,2020-07-11,1544.0,1.0,1.571,22.0,0.0,0.0,320.184,0.207,0.326,4.562,0.0,0.0,0.98,1721.0,422392.0,87.593,0.357,2306.0,0.478,0.001,22.22
New Zealand,2020-07-12,1544.0,0.0,1.429,22.0,0.0,0.0,320.184,0.0,0.296,4.562,0.0,0.0,0.97,1091.0,423483.0,87.819,0.226,2089.0,0.433,0.001,22.22
New Zealand,2020-07-13,1545.0,1.0,1.286,22.0,0.0,0.0,320.391,0.207,0.267,4.562,0.0,0.0,0.97,1534.0,425017.0,88.137,0.318,2043.0,0.424,0.001,22.22
New Zealand,2020-07-14,1547.0,2.0,1.429,22.0,0.0,0.0,320.806,0.415,0.296,4.562,0.0,0.0,0.97,2791.0,427808.0,88.716,0.579,2130.0,0.442,0.001,22.22
New Zealand,2020-07-15,1548.0,1.0,1.143,22.0,0.0,0.0,321.013,0.207,0.237,4.562,0.0,0.0,0.96,2827.0,430635.0,89.302,0.586,2104.0,0.436,0.001,22.22
New Zealand,2020-07-16,1549.0,1.0,1.0,22.0,0.0,0.0,321.22,0.207,0.207,4.562,0.0,0.0,0.96,2351.0,432986.0,89.79,0.488,2060.0,0.427,0.0,22.22
New Zealand,2020-07-17,1550.0,1.0,1.0,22.0,0.0,0.0,321.428,0.207,0.207,4.562,0.0,0.0,0.96,2575.0,435561.0,90.324,0.534,2127.0,0.441,0.0,22.22
New Zealand,2020-07-18,1553.0,3.0,1.286,22.0,0.0,0.0,322.05,0.622,0.267,4.562,0.0,0.0,0.96,1436.0,436997.0,90.621,0.298,2086.0,0.433,0.001,22.22
New Zealand,2020-07-19,1554.0,1.0,1.429,22.0,0.0,0.0,322.257,0.207,0.296,4.562,0.0,0.0,0.94,704.0,437701.0,90.767,0.146,2031.0,0.421,0.001,22.22
New Zealand,2020-07-20,1555.0,1.0,1.429,22.0,0.0,0.0,322.465,0.207,0.296,4.562,0.0,0.0,0.92,955.0,438656.0,90.965,0.198,1948.0,0.404,0.001,22.22
New Zealand,2020-07-21,1555.0,0.0,1.143,22.0,0.0,0.0,322.465,0.0,0.237,4.562,0.0,0.0,0.9,2196.0,440852.0,91.421,0.455,1863.0,0.386,0.001,22.22
New Zealand,2020-07-22,1555.0,0.0,1.0,22.0,0.0,0.0,322.465,0.0,0.207,4.562,0.0,0.0,0.9,2366.0,443218.0,91.911,0.491,1798.0,0.373,0.001,22.22
New Zealand,2020-07-23,1556.0,1.0,1.0,22.0,0.0,0.0,322.672,0.207,0.207,4.562,0.0,0.0,0.91,2746.0,445964.0,92.481,0.569,1854.0,0.384,0.001,22.22
New Zealand,2020-07-24,1556.0,0.0,0.857,22.0,0.0,0.0,322.672,0.0,0.178,4.562,0.0,0.0,0.92,2394.0,448358.0,92.977,0.496,1828.0,0.379,0.0,22.22
New Zealand,2020-07-25,1556.0,0.0,0.429,22.0,0.0,0.0,322.672,0.0,0.089,4.562,0.0,0.0,0.94,1682.0,450040.0,93.326,0.349,1863.0,0.386,0.0,22.22
New Zealand,2020-07-26,1556.0,0.0,0.286,22.0,0.0,0.0,322.672,0.0,0.059,4.562,0.0,0.0,0.97,645.0,450685.0,93.46,0.134,1855.0,0.385,0.0,22.22
New Zealand,2020-07-27,1557.0,1.0,0.286,22.0,0.0,0.0,322.879,0.207,0.059,4.562,0.0,0.0,1.01,1606.0,452291.0,93.793,0.333,1948.0,0.404,0.0,22.22
New Zealand,2020-07-28,1559.0,2.0,0.571,22.0,0.0,0.0,323.294,0.415,0.118,4.562,0.0,0.0,1.05,2401.0,454692.0,94.291,0.498,1977.0,0.41,0.0,22.22
New Zealand,2020-07-29,1560.0,1.0,0.714,22.0,0.0,0.0,323.502,0.207,0.148,4.562,0.0,0.0,1.06,2414.0,457106.0,94.791,0.501,1984.0,0.411,0.0,22.22
New Zealand,2020-07-30,1560.0,0.0,0.571,22.0,0.0,0.0,323.502,0.0,0.118,4.562,0.0,0.0,1.07,2396.0,459502.0,95.288,0.497,1934.0,0.401,0.0,22.22
New Zealand,2020-07-31,1562.0,2.0,0.857,22.0,0.0,0.0,323.916,0.415,0.178,4.562,0.0,0.0,1.09,3077.0,462579.0,95.926,0.638,2032.0,0.421,0.0,22.22
New Zealand,2020-08-01,1565.0,3.0,1.286,22.0,0.0,0.0,324.538,0.622,0.267,4.562,0.0,0.0,1.1,2409.0,464988.0,96.426,0.5,2135.0,0.443,0.001,22.22
New Zealand,2020-08-02,1567.0,2.0,1.571,22.0,0.0,0.0,324.953,0.415,0.326,4.562,0.0,0.0,1.08,1689.0,466677.0,96.776,0.35,2285.0,0.474,0.001,22.22
New Zealand,2020-08-03,1567.0,0.0,1.429,22.0,0.0,0.0,324.953,0.0,0.296,4.562,0.0,0.0,1.04,1702.0,468379.0,97.129,0.353,2298.0,0.477,0.001,22.22
New Zealand,2020-08-04,1569.0,2.0,1.429,22.0,0.0,0.0,325.368,0.415,0.296,4.562,0.0,0.0,1.03,4114.0,472493.0,97.982,0.853,2543.0,0.527,0.001,22.22
New Zealand,2020-08-05,1569.0,0.0,1.286,22.0,0.0,0.0,325.368,0.0,0.267,4.562,0.0,0.0,1.0,4889.0,477382.0,98.996,1.014,2897.0,0.601,0.0,22.22
New Zealand,2020-08-06,1569.0,0.0,1.286,22.0,0.0,0.0,325.368,0.0,0.267,4.562,0.0,0.0,0.99,4070.0,481452.0,99.84,0.844,3136.0,0.65,0.0,22.22
New Zealand,2020-08-07,1569.0,0.0,1.0,22.0,0.0,0.0,325.368,0.0,0.207,4.562,0.0,0.0,0.99,3365.0,484817.0,100.538,0.698,3177.0,0.659,0.0,22.22
New Zealand,2020-08-08,1569.0,0.0,0.571,22.0,0.0,0.0,325.368,0.0,0.118,4.562,0.0,0.0,1.0,4090.0,488907.0,101.386,0.848,3417.0,0.709,0.0,22.22
New Zealand,2020-08-09,1569.0,0.0,0.286,22.0,0.0,0.0,325.368,0.0,0.059,4.562,0.0,0.0,1.03,2338.0,491245.0,101.871,0.485,3510.0,0.728,0.0,22.22
New Zealand,2020-08-10,1570.0,1.0,0.429,22.0,0.0,0.0,325.575,0.207,0.089,4.562,0.0,0.0,1.07,1687.0,492932.0,102.221,0.35,3508.0,0.727,0.0,22.22
New Zealand,2020-08-11,1570.0,0.0,0.143,22.0,0.0,0.0,325.575,0.0,0.03,4.562,0.0,0.0,1.1,4164.0,497096.0,103.084,0.864,3515.0,0.729,0.0,22.22
New Zealand,2020-08-12,1589.0,19.0,2.857,22.0,0.0,0.0,329.515,3.94,0.592,4.562,0.0,0.0,1.15,5978.0,503074.0,104.324,1.24,3670.0,0.761,0.001,68.98
New Zealand,2020-08-13,1602.0,13.0,4.714,22.0,0.0,0.0,332.211,2.696,0.978,4.562,0.0,0.0,1.19,15653.0,518727.0,107.57,3.246,5325.0,1.104,0.001,68.98
New Zealand,2020-08-14,1609.0,7.0,5.714,22.0,0.0,0.0,333.663,1.452,1.185,4.562,0.0,0.0,1.2,23378.0,542105.0,112.418,4.848,8184.0,1.697,0.001,68.98
New Zealand,2020-08-15,1622.0,13.0,7.571,22.0,0.0,0.0,336.359,2.696,1.57,4.562,0.0,0.0,1.2,23991.0,566096.0,117.393,4.975,11027.0,2.287,0.001,68.98
New Zealand,2020-08-16,1631.0,9.0,8.857,22.0,0.0,0.0,338.225,1.866,1.837,4.562,0.0,0.0,1.19,25005.0,591101.0,122.578,5.185,14265.0,2.958,0.001,68.98
New Zealand,2020-08-17,1643.0,12.0,10.429,22.0,0.0,0.0,340.714,2.488,2.163,4.562,0.0,0.0,1.17,18436.0,609537.0,126.401,3.823,16658.0,3.454,0.001,68.98
New Zealand,2020-08-18,1649.0,6.0,11.286,22.0,0.0,0.0,341.958,1.244,2.34,4.562,0.0,0.0,1.15,22699.0,632236.0,131.109,4.707,19306.0,4.004,0.001,68.98
New Zealand,2020-08-19,1654.0,5.0,9.286,22.0,0.0,0.0,342.995,1.037,1.926,4.562,0.0,0.0,1.13,17598.0,649834.0,134.758,3.649,20966.0,4.348,0.0,68.98
New Zealand,2020-08-20,1665.0,11.0,9.0,22.0,0.0,0.0,345.276,2.281,1.866,4.562,0.0,0.0,1.11,14662.0,664496.0,137.798,3.041,20824.0,4.318,0.0,68.98
New Zealand,2020-08-21,1671.0,6.0,8.857,22.0,0.0,0.0,346.52,1.244,1.837,4.562,0.0,0.0,1.09,12009.0,676505.0,140.289,2.49,19200.0,3.982,0.0,68.98
New Zealand,2020-08-22,1674.0,3.0,7.429,22.0,0.0,0.0,347.142,0.622,1.54,4.562,0.0,0.0,1.07,7271.0,683776.0,141.797,1.508,16811.0,3.486,0.0,68.98
New Zealand,2020-08-23,1683.0,9.0,7.429,22.0,0.0,0.0,349.008,1.866,1.54,4.562,0.0,0.0,1.06,4477.0,688253.0,142.725,0.928,13879.0,2.878,0.001,68.98
New Zealand,2020-08-24,1690.0,7.0,6.714,22.0,0.0,0.0,350.46,1.452,1.392,4.562,0.0,0.0,1.05,4194.0,692447.0,143.595,0.87,11844.0,2.456,0.001,68.98
New Zealand,2020-08-25,1695.0,5.0,6.571,22.0,0.0,0.0,351.497,1.037,1.363,4.562,0.0,0.0,1.04,8498.0,700945.0,145.357,1.762,9816.0,2.036,0.001,68.98
New Zealand,2020-08-26,1702.0,7.0,6.857,22.0,0.0,0.0,352.949,1.452,1.422,4.562,0.0,0.0,1.03,8786.0,709731.0,147.179,1.822,8557.0,1.774,0.001,68.98
New Zealand,2020-08-27,1714.0,12.0,7.0,22.0,0.0,0.0,355.437,2.488,1.452,4.562,0.0,0.0,1.03,10410.0,720141.0,149.338,2.159,7949.0,1.648,0.001,68.98
New Zealand,2020-08-28,1727.0,13.0,8.0,22.0,0.0,0.0,358.133,2.696,1.659,4.562,0.0,0.0,1.01,10178.0,730319.0,151.448,2.111,7688.0,1.594,0.001,68.98
New Zealand,2020-08-29,1729.0,2.0,7.857,22.0,0.0,0.0,358.548,0.415,1.629,4.562,0.0,0.0,0.98,10500.0,740819.0,153.626,2.177,8149.0,1.69,0.001,68.98
New Zealand,2020-08-30,1738.0,9.0,7.857,22.0,0.0,0.0,360.414,1.866,1.629,4.562,0.0,0.0,0.96,6566.0,747385.0,154.987,1.362,8447.0,1.752,0.001,68.98
New Zealand,2020-08-31,1752.0,14.0,8.857,22.0,0.0,0.0,363.317,2.903,1.837,4.562,0.0,0.0,0.94,8939.0,756324.0,156.841,1.854,9125.0,1.892,0.001,40.28
New Zealand,2020-09-01,1757.0,5.0,8.857,22.0,0.0,0.0,364.354,1.037,1.837,4.562,0.0,0.0,0.91,11149.0,767473.0,159.153,2.312,9504.0,1.971,0.001,34.72
New Zealand,2020-09-02,1759.0,2.0,8.143,22.0,0.0,0.0,364.769,0.415,1.689,4.562,0.0,0.0,0.88,10523.0,777996.0,161.335,2.182,9752.0,2.022,0.001,34.72
New Zealand,2020-09-03,1764.0,5.0,7.143,22.0,0.0,0.0,365.806,1.037,1.481,4.562,0.0,0.0,0.87,9589.0,787585.0,163.324,1.988,9635.0,1.998,0.001,34.72
New Zealand,2020-09-04,1767.0,3.0,5.714,24.0,2.0,0.286,366.428,0.622,1.185,4.977,0.415,0.059,0.85,8860.0,796445.0,165.161,1.837,9447.0,1.959,0.001,34.72
New Zealand,2020-09-05,1772.0,5.0,6.143,24.0,0.0,0.286,367.465,1.037,1.274,4.977,0.0,0.059,0.84,7775.0,804220.0,166.773,1.612,9057.0,1.878,0.001,34.72
New Zealand,2020-09-06,1776.0,4.0,5.429,24.0,0.0,0.286,368.294,0.829,1.126,4.977,0.0,0.059,0.83,3999.0,808219.0,167.603,0.829,8691.0,1.802,0.001,34.72
New Zealand,2020-09-07,1782.0,6.0,4.286,24.0,0.0,0.286,369.538,1.244,0.889,4.977,0.0,0.059,0.82,4695.0,812914.0,168.576,0.974,8084.0,1.676,0.001,34.72
New Zealand,2020-09-08,1788.0,6.0,4.429,24.0,0.0,0.286,370.783,1.244,0.918,4.977,0.0,0.059,0.8,8016.0,820930.0,170.239,1.662,7637.0,1.584,0.001,34.72
New Zealand,2020-09-09,1792.0,4.0,4.714,24.0,0.0,0.286,371.612,0.829,0.978,4.977,0.0,0.059,0.79,7707.0,828637.0,171.837,1.598,7234.0,1.5,0.001,34.72
New Zealand,2020-09-10,1793.0,1.0,4.143,24.0,0.0,0.286,371.819,0.207,0.859,4.977,0.0,0.059,0.77,8551.0,837188.0,173.61,1.773,7086.0,1.469,0.001,34.72
New Zealand,2020-09-11,1795.0,2.0,4.0,24.0,0.0,0.0,372.234,0.415,0.829,4.977,0.0,0.0,0.77,8915.0,846103.0,175.459,1.849,7094.0,1.471,0.001,34.72
New Zealand,2020-09-12,1797.0,2.0,3.571,24.0,0.0,0.0,372.649,0.415,0.741,4.977,0.0,0.0,0.76,7485.0,853588.0,177.011,1.552,7053.0,1.463,0.001,34.72
New Zealand,2020-09-13,1798.0,1.0,3.143,24.0,0.0,0.0,372.856,0.207,0.652,4.977,0.0,0.0,0.77,3862.0,857450.0,177.812,0.801,7033.0,1.458,0.0,34.72
New Zealand,2020-09-14,1801.0,3.0,2.714,24.0,0.0,0.0,373.478,0.622,0.563,4.977,0.0,0.0,0.77,3931.0,861381.0,178.627,0.815,6924.0,1.436,0.0,34.72
New Zealand,2020-09-15,1802.0,1.0,2.0,25.0,1.0,0.143,373.686,0.207,0.415,5.184,0.207,0.03,0.78,8598.0,869979.0,180.41,1.783,7007.0,1.453,0.0,34.72
New Zealand,2020-09-16,1809.0,7.0,2.429,25.0,0.0,0.143,375.137,1.452,0.504,5.184,0.0,0.03,0.8,8345.0,878324.0,182.141,1.731,7098.0,1.472,0.0,34.72
New Zealand,2020-09-17,1809.0,0.0,2.286,25.0,0.0,0.143,375.137,0.0,0.474,5.184,0.0,0.03,0.79,4949.0253968253965,724716.5204678363,150.28651169590646,1.0263047619047618,6983.0,1.448,0.0,34.72
New Zealand,2020-09-18,1811.0,2.0,2.286,25.0,0.0,0.143,375.552,0.415,0.474,5.184,0.0,0.03,0.8,4949.0253968253965,893811.0,185.352,1.0263047619047618,6815.0,1.413,0.0,34.72
New Zealand,2020-09-19,1815.0,4.0,2.571,25.0,0.0,0.143,376.382,0.829,0.533,5.184,0.0,0.03,0.81,5537.0,899348.0,186.5,1.148,6537.0,1.356,0.0,34.72
New Zealand,2020-09-20,1815.0,0.0,2.429,25.0,0.0,0.143,376.382,0.0,0.504,5.184,0.0,0.03,0.81,3367.0,902715.0,187.199,0.698,6466.0,1.341,0.0,34.72
New Zealand,2020-09-21,1815.0,0.0,2.0,25.0,0.0,0.143,376.382,0.0,0.415,5.184,0.0,0.03,0.82,3507.0,906222.0,187.926,0.727,6406.0,1.328,0.0,34.72
New Zealand,2020-09-22,1824.0,9.0,3.143,25.0,0.0,0.0,378.248,1.866,0.652,5.184,0.0,0.0,0.85,6842.0,913064.0,189.345,1.419,6155.0,1.276,0.001,34.72
New Zealand,2020-09-23,1827.0,3.0,2.571,25.0,0.0,0.0,378.87,0.622,0.533,5.184,0.0,0.0,0.83,6080.0,919144.0,190.605,1.261,5831.0,1.209,0.0,31.94
New Zealand,2020-09-24,1829.0,2.0,2.857,25.0,0.0,0.0,379.285,0.415,0.592,5.184,0.0,0.0,0.81,6435.0,925579.0,191.94,1.334,5644.0,1.17,0.001,31.94
New Zealand,2020-09-25,1831.0,2.0,2.857,25.0,0.0,0.0,379.7,0.415,0.592,5.184,0.0,0.0,0.8,5875.0,931454.0,193.158,1.218,5378.0,1.115,0.001,31.94
New Zealand,2020-09-26,1833.0,2.0,2.571,25.0,0.0,0.0,380.114,0.415,0.533,5.184,0.0,0.0,0.78,5077.0,936531.0,194.211,1.053,5312.0,1.102,0.0,31.94
New Zealand,2020-09-27,1833.0,0.0,2.571,25.0,0.0,0.0,380.114,0.0,0.533,5.184,0.0,0.0,0.77,3612.0,940143.0,194.96,0.749,5347.0,1.109,0.0,31.94
New Zealand,2020-09-28,1835.0,2.0,2.857,25.0,0.0,0.0,380.529,0.415,0.592,5.184,0.0,0.0,0.77,3244.0,943387.0,195.633,0.673,5309.0,1.101,0.001,31.94
New Zealand,2020-09-29,1836.0,1.0,1.714,25.0,0.0,0.0,380.736,0.207,0.355,5.184,0.0,0.0,0.77,4995.0,948382.0,196.669,1.036,5045.0,1.046,0.0,31.94
New Zealand,2020-09-30,1848.0,12.0,3.0,25.0,0.0,0.0,383.225,2.488,0.622,5.184,0.0,0.0,0.77,5607.0,953989.0,197.831,1.163,4978.0,1.032,0.001,31.94
New Zealand,2020-10-01,1848.0,0.0,2.714,25.0,0.0,0.0,383.225,0.0,0.563,5.184,0.0,0.0,0.77,4749.0,958738.0,198.816,0.985,4737.0,0.982,0.001,31.94
New Zealand,2020-10-02,1849.0,1.0,2.571,25.0,0.0,0.0,383.432,0.207,0.533,5.184,0.0,0.0,0.78,6359.0,965097.0,200.135,1.319,4806.0,0.997,0.001,31.94
New Zealand,2020-10-03,1854.0,5.0,3.0,25.0,0.0,0.0,384.469,1.037,0.622,5.184,0.0,0.0,0.8,4010.0,969107.0,200.966,0.832,4654.0,0.965,0.001,31.94
New Zealand,2020-10-04,1855.0,1.0,3.143,25.0,0.0,0.0,384.677,0.207,0.652,5.184,0.0,0.0,0.81,2579.0,971686.0,201.501,0.535,4506.0,0.934,0.001,31.94
New Zealand,2020-10-05,1858.0,3.0,3.286,25.0,0.0,0.0,385.299,0.622,0.681,5.184,0.0,0.0,0.82,3038.0,974724.0,202.131,0.63,4477.0,0.928,0.001,31.94
New Zealand,2020-10-06,1861.0,3.0,3.571,25.0,0.0,0.0,385.921,0.622,0.741,5.184,0.0,0.0,0.82,5669.0,980393.0,203.307,1.176,4573.0,0.948,0.001,31.94
New Zealand,2020-10-07,1864.0,3.0,2.286,25.0,0.0,0.0,386.543,0.622,0.474,5.184,0.0,0.0,0.83,6152.0,986545.0,204.583,1.276,4651.0,0.964,0.0,22.22
New Zealand,2020-10-08,1866.0,2.0,2.571,25.0,0.0,0.0,386.958,0.415,0.533,5.184,0.0,0.0,0.83,5597.0,992142.0,205.743,1.161,4772.0,0.99,0.001,22.22
New Zealand,2020-10-09,1870.0,4.0,3.0,25.0,0.0,0.0,387.787,0.829,0.622,5.184,0.0,0.0,0.83,4814.0,996956.0,206.742,0.998,4551.0,0.944,0.001,22.22
New Zealand,2020-10-10,1871.0,1.0,2.429,25.0,0.0,0.0,387.995,0.207,0.504,5.184,0.0,0.0,0.82,3809.0,1000765.0,207.531,0.79,4523.0,0.938,0.001,22.22
New Zealand,2020-10-11,1871.0,0.0,2.286,25.0,0.0,0.0,387.995,0.0,0.474,5.184,0.0,0.0,0.82,2026.0,1002791.0,207.952,0.42,4444.0,0.922,0.001,22.22
New Zealand,2020-10-12,1872.0,1.0,2.0,25.0,0.0,0.0,388.202,0.207,0.415,5.184,0.0,0.0,0.84,3017.0,1005808.0,208.577,0.626,4441.0,0.921,0.0,22.22
New Zealand,2020-10-13,1874.0,2.0,1.857,25.0,0.0,0.0,388.617,0.415,0.385,5.184,0.0,0.0,0.85,5849.0,1011657.0,209.79,1.213,4466.0,0.926,0.0,22.22
New Zealand,2020-10-14,1876.0,2.0,1.714,25.0,0.0,0.0,389.031,0.415,0.355,5.184,0.0,0.0,0.87,5196.0,1016853.0,210.868,1.078,4330.0,0.898,0.0,22.22
New Zealand,2020-10-15,1880.0,4.0,2.0,25.0,0.0,0.0,389.861,0.829,0.415,5.184,0.0,0.0,0.88,5078.0,1021931.0,211.921,1.053,4256.0,0.883,0.0,22.22
New Zealand,2020-10-16,1883.0,3.0,1.857,25.0,0.0,0.0,390.483,0.622,0.385,5.184,0.0,0.0,0.88,4794.0,1026725.0,212.915,0.994,4253.0,0.882,0.0,22.22
New Zealand,2020-10-17,1886.0,3.0,2.143,25.0,0.0,0.0,391.105,0.622,0.444,5.184,0.0,0.0,0.87,3390.0,1030115.0,213.618,0.703,4193.0,0.87,0.001,22.22
New Zealand,2020-10-18,1886.0,0.0,2.143,25.0,0.0,0.0,391.105,0.0,0.444,5.184,0.0,0.0,0.86,1773.0,1031888.0,213.986,0.368,4157.0,0.862,0.001,22.22
New Zealand,2020-10-19,1887.0,1.0,2.143,25.0,0.0,0.0,391.312,0.207,0.444,5.184,0.0,0.0,0.86,2715.0,1034603.0,214.549,0.563,4114.0,0.853,0.001,22.22
New Zealand,2020-10-20,1912.0,25.0,5.429,25.0,0.0,0.0,396.497,5.184,1.126,5.184,0.0,0.0,0.87,6308.0,1040911.0,215.857,1.308,4179.0,0.867,0.001,22.22
New Zealand,2020-10-21,1914.0,2.0,5.429,25.0,0.0,0.0,396.912,0.415,1.126,5.184,0.0,0.0,0.87,7083.0,1047994.0,217.325,1.469,4449.0,0.923,0.001,22.22
New Zealand,2020-10-22,1923.0,9.0,6.143,25.0,0.0,0.0,398.778,1.866,1.274,5.184,0.0,0.0,0.89,6053.0,1054047.0,218.581,1.255,4588.0,0.951,0.001,22.22
New Zealand,2020-10-23,1934.0,11.0,7.286,25.0,0.0,0.0,401.059,2.281,1.511,5.184,0.0,0.0,0.89,7700.0,1061747.0,220.177,1.597,5003.0,1.037,0.001,22.22
New Zealand,2020-10-24,1935.0,1.0,7.0,25.0,0.0,0.0,401.266,0.207,1.452,5.184,0.0,0.0,0.87,5396.0,1067143.0,221.296,1.119,5290.0,1.097,0.001,22.22
New Zealand,2020-10-25,1940.0,5.0,7.714,25.0,0.0,0.0,402.303,1.037,1.6,5.184,0.0,0.0,0.86,3038.0,1070181.0,221.926,0.63,5470.0,1.134,0.001,22.22
New Zealand,2020-10-26,1941.0,1.0,7.714,25.0,0.0,0.0,402.511,0.207,1.6,5.184,0.0,0.0,0.85,2311.0,1072492.0,222.406,0.479,5413.0,1.123,0.001,22.22
New Zealand,2020-10-27,1943.0,2.0,4.429,25.0,0.0,0.0,402.925,0.415,0.918,5.184,0.0,0.0,0.86,3335.0,1075827.0,223.097,0.692,4988.0,1.034,0.001,22.22
New Zealand,2020-10-28,1949.0,6.0,5.0,25.0,0.0,0.0,404.17,1.244,1.037,5.184,0.0,0.0,0.86,7403.0,1083230.0,224.632,1.535,5034.0,1.044,0.001,22.22
New Zealand,2020-10-29,1950.0,1.0,3.857,25.0,0.0,0.0,404.377,0.207,0.8,5.184,0.0,0.0,0.86,7472.0,1090702.0,226.182,1.549,5236.0,1.086,0.001,22.22
New Zealand,2020-10-30,1957.0,7.0,3.286,25.0,0.0,0.0,405.829,1.452,0.681,5.184,0.0,0.0,0.87,5964.0,1096666.0,227.419,1.237,4988.0,1.034,0.001,22.22
New Zealand,2020-10-31,1959.0,2.0,3.429,25.0,0.0,0.0,406.243,0.415,0.711,5.184,0.0,0.0,0.87,4401.0,1101067.0,228.331,0.913,4846.0,1.005,0.001,22.22
New Zealand,2020-11-01,1963.0,4.0,3.286,25.0,0.0,0.0,407.073,0.829,0.681,5.184,0.0,0.0,0.87,3046.0,1104113.0,228.963,0.632,4847.0,1.005,0.001,22.22
New Zealand,2020-11-02,1968.0,5.0,3.857,25.0,0.0,0.0,408.11,1.037,0.8,5.184,0.0,0.0,0.88,2455.0,1106568.0,229.472,0.509,4868.0,1.009,0.001,22.22
New Zealand,2020-11-03,1971.0,3.0,4.0,25.0,0.0,0.0,408.732,0.622,0.829,5.184,0.0,0.0,0.87,7171.0,1113739.0,230.959,1.487,5416.0,1.123,0.001,22.22
New Zealand,2020-11-04,1973.0,2.0,3.429,25.0,0.0,0.0,409.147,0.415,0.711,5.184,0.0,0.0,0.87,4949.0253968253965,724716.5204678363,150.28651169590646,1.0263047619047618,4989.0,1.035,0.001,22.22
New Zealand,2020-11-05,1974.0,1.0,3.429,25.0,0.0,0.0,409.354,0.207,0.711,5.184,0.0,0.0,0.88,4949.0253968253965,724716.5204678363,150.28651169590646,1.0263047619047618,4553.0,0.944,0.001,22.22
New Zealand,2020-11-06,1976.0,2.0,2.714,25.0,0.0,0.0,409.769,0.415,0.563,5.184,0.0,0.0,0.89,4949.0253968253965,1126986.0,233.706,1.0263047619047618,4331.0,0.898,0.001,22.22
New Zealand,2020-11-07,1982.0,6.0,3.286,25.0,0.0,0.0,411.013,1.244,0.681,5.184,0.0,0.0,0.91,5834.0,1132820.0,234.916,1.21,4536.0,0.941,0.001,22.22
New Zealand,2020-11-08,1986.0,4.0,3.286,25.0,0.0,0.0,411.842,0.829,0.681,5.184,0.0,0.0,0.91,4116.0,1136936.0,235.77,0.854,4689.0,0.972,0.001,22.22
New Zealand,2020-11-09,1987.0,1.0,2.714,25.0,0.0,0.0,412.05,0.207,0.563,5.184,0.0,0.0,0.91,3042.0,1139978.0,236.4,0.631,4773.0,0.99,0.001,22.22
New Zealand,2020-11-10,1988.0,1.0,2.429,25.0,0.0,0.0,412.257,0.207,0.504,5.184,0.0,0.0,0.92,2960.0,1142938.0,237.014,0.614,4171.0,0.865,0.001,22.22
New Zealand,2020-11-11,1991.0,3.0,2.571,25.0,0.0,0.0,412.879,0.622,0.533,5.184,0.0,0.0,0.93,5995.0,1148933.0,238.257,1.243,4397.0,0.912,0.001,22.22
New Zealand,2020-11-12,1995.0,4.0,3.0,25.0,0.0,0.0,413.709,0.829,0.622,5.184,0.0,0.0,0.95,6581.0,1155514.0,239.622,1.365,4706.0,0.976,0.001,22.22
New Zealand,2020-11-13,1998.0,3.0,3.143,25.0,0.0,0.0,414.331,0.622,0.652,5.184,0.0,0.0,0.96,7226.0,1162740.0,241.121,1.498,5108.0,1.059,0.001,22.22
New Zealand,2020-11-14,2001.0,3.0,2.714,25.0,0.0,0.0,414.953,0.622,0.563,5.184,0.0,0.0,0.97,6322.0,1169062.0,242.432,1.311,5177.0,1.074,0.001,22.22
New Zealand,2020-11-15,2001.0,0.0,2.143,25.0,0.0,0.0,414.953,0.0,0.444,5.184,0.0,0.0,0.98,10525.0,1179587.0,244.614,2.183,6093.0,1.264,0.0,22.22
New Zealand,2020-11-16,2005.0,4.0,2.571,25.0,0.0,0.0,415.782,0.829,0.533,5.184,0.0,0.0,1.01,5298.0,1184885.0,245.713,1.099,6415.0,1.33,0.0,22.22
New Zealand,2020-11-17,2008.0,3.0,2.857,25.0,0.0,0.0,416.405,0.622,0.592,5.184,0.0,0.0,1.02,6149.0,1191034.0,246.988,1.275,6871.0,1.425,0.0,22.22
New Zealand,2020-11-18,2010.0,2.0,2.714,25.0,0.0,0.0,416.819,0.415,0.563,5.184,0.0,0.0,1.04,8392.0,1199426.0,248.728,1.74,7213.0,1.496,0.0,22.22
New Zealand,2020-11-19,2013.0,3.0,2.571,25.0,0.0,0.0,417.441,0.622,0.533,5.184,0.0,0.0,1.06,8665.0,1208091.0,250.525,1.797,7511.0,1.558,0.0,22.22
New Zealand,2020-11-20,2019.0,6.0,3.0,25.0,0.0,0.0,418.686,1.244,0.622,5.184,0.0,0.0,1.08,9292.0,1217383.0,252.452,1.927,7806.0,1.619,0.0,22.22
New Zealand,2020-11-21,2028.0,9.0,3.857,25.0,0.0,0.0,420.552,1.866,0.8,5.184,0.0,0.0,1.09,7014.0,1224397.0,253.907,1.455,7905.0,1.639,0.0,22.22
New Zealand,2020-11-22,2030.0,2.0,4.143,25.0,0.0,0.0,420.967,0.415,0.859,5.184,0.0,0.0,1.07,6504.0,1230901.0,255.255,1.349,7331.0,1.52,0.001,22.22
New Zealand,2020-11-23,2031.0,1.0,3.714,25.0,0.0,0.0,421.174,0.207,0.77,5.184,0.0,0.0,1.06,3274.0,1234175.0,255.934,0.679,7041.0,1.46,0.001,22.22
New Zealand,2020-11-24,2039.0,8.0,4.429,25.0,0.0,0.0,422.833,1.659,0.918,5.184,0.0,0.0,1.07,3561.0,1237736.0,256.673,0.738,6672.0,1.384,0.001,22.22
New Zealand,2020-11-25,2040.0,1.0,4.286,25.0,0.0,0.0,423.041,0.207,0.889,5.184,0.0,0.0,1.05,5782.0,1243518.0,257.872,1.199,6299.0,1.306,0.001,22.22
New Zealand,2020-11-26,2047.0,7.0,4.857,25.0,0.0,0.0,424.492,1.452,1.007,5.184,0.0,0.0,1.05,9083.0,1252601.0,259.755,1.884,6359.0,1.319,0.001,22.22
New Zealand,2020-11-27,2050.0,3.0,4.429,25.0,0.0,0.0,425.114,0.622,0.918,5.184,0.0,0.0,1.03,7454.0,1260055.0,261.301,1.546,6096.0,1.264,0.001,22.22
New Zealand,2020-11-28,2050.0,0.0,3.143,25.0,0.0,0.0,425.114,0.0,0.652,5.184,0.0,0.0,1.02,6889.0,1266944.0,262.73,1.429,6078.0,1.26,0.001,22.22
New Zealand,2020-11-29,2056.0,6.0,3.714,25.0,0.0,0.0,426.358,1.244,0.77,5.184,0.0,0.0,1.03,4949.0253968253965,724716.5204678363,150.28651169590646,1.0263047619047618,5762.0,1.195,0.001,22.22
New Zealand,2020-11-30,2059.0,3.0,4.0,25.0,0.0,0.0,426.981,0.622,0.829,5.184,0.0,0.0,1.02,4949.0253968253965,1275525.0,264.509,1.0263047619047618,5907.0,1.225,0.001,22.22
New Zealand,2020-12-01,2060.0,1.0,3.0,25.0,0.0,0.0,427.188,0.207,0.622,5.184,0.0,0.0,1.01,3165.0,1278690.0,265.166,0.656,5851.0,1.213,0.001,22.22
New Zealand,2020-12-02,2069.0,9.0,4.143,25.0,0.0,0.0,429.054,1.866,0.859,5.184,0.0,0.0,1.02,7076.0,1285766.0,266.633,1.467,6035.0,1.251,0.001,22.22
New Zealand,2020-12-03,2069.0,0.0,3.143,25.0,0.0,0.0,429.054,0.0,0.652,5.184,0.0,0.0,1.0,5843.0,1291609.0,267.845,1.212,5573.0,1.156,0.001,22.22
New Zealand,2020-12-04,2078.0,9.0,4.0,25.0,0.0,0.0,430.921,1.866,0.829,5.184,0.0,0.0,1.0,6846.0,1298455.0,269.264,1.42,5486.0,1.138,0.001,22.22
New Zealand,2020-12-05,2078.0,0.0,4.0,25.0,0.0,0.0,430.921,0.0,0.829,5.184,0.0,0.0,0.97,6047.0,1304502.0,270.518,1.254,5365.0,1.113,0.001,22.22
New Zealand,2020-12-06,2079.0,1.0,3.286,25.0,0.0,0.0,431.128,0.207,0.681,5.184,0.0,0.0,0.96,5490.0,1309992.0,271.657,1.138,5537.0,1.148,0.001,22.22
New Zealand,2020-12-07,2085.0,6.0,3.714,25.0,0.0,0.0,432.372,1.244,0.77,5.184,0.0,0.0,0.96,2315.0,1312307.0,272.137,0.48,5255.0,1.09,0.001,22.22
New Zealand,2020-12-08,2088.0,3.0,4.0,25.0,0.0,0.0,432.994,0.622,0.829,5.184,0.0,0.0,0.94,2894.0,1315201.0,272.737,0.6,5216.0,1.082,0.001,22.22
New Zealand,2020-12-09,2088.0,0.0,2.714,25.0,0.0,0.0,432.994,0.0,0.563,5.184,0.0,0.0,0.93,6397.0,1321598.0,274.063,1.327,5119.0,1.062,0.001,22.22
New Zealand,2020-12-10,2092.0,4.0,3.286,25.0,0.0,0.0,433.824,0.829,0.681,5.184,0.0,0.0,0.93,4949.0253968253965,724716.5204678363,150.28651169590646,1.0263047619047618,5061.0,1.05,0.001,22.22
New Zealand,2020-12-11,2092.0,0.0,2.0,25.0,0.0,0.0,433.824,0.0,0.415,5.184,0.0,0.0,0.92,4949.0253968253965,1332470.0,276.318,1.0263047619047618,4859.0,1.008,0.0,22.22
New Zealand,2020-12-12,2096.0,4.0,2.571,25.0,0.0,0.0,434.653,0.829,0.533,5.184,0.0,0.0,0.93,4949.0253968253965,724716.5204678363,150.28651169590646,1.0263047619047618,4675.0,0.969,0.001,22.22
New Zealand,2020-12-13,2096.0,0.0,2.429,25.0,0.0,0.0,434.653,0.0,0.504,5.184,0.0,0.0,0.93,4949.0253968253965,1341978.0,278.29,1.0263047619047618,4569.0,0.947,0.001,22.22
New Zealand,2020-12-14,2096.0,0.0,1.571,25.0,0.0,0.0,434.653,0.0,0.326,5.184,0.0,0.0,0.94,2214.0,1344192.0,278.749,0.459,4555.0,0.945,0.0,22.22
New Zealand,2020-12-15,2100.0,4.0,1.714,25.0,0.0,0.0,435.483,0.829,0.355,5.184,0.0,0.0,0.97,4949.0253968253965,724716.5204678363,150.28651169590646,1.0263047619047618,4732.0,0.981,0.0,22.22
New Zealand,2020-12-16,2100.0,0.0,1.714,25.0,0.0,0.0,435.483,0.0,0.355,5.184,0.0,0.0,0.98,4949.0253968253965,1352462.0,280.464,1.0263047619047618,4409.0,0.914,0.0,22.22
New Zealand,2020-12-17,2110.0,10.0,2.571,25.0,0.0,0.0,437.557,2.074,0.533,5.184,0.0,0.0,1.01,4949.0253968253965,724716.5204678363,150.28651169590646,1.0263047619047618,4394.0,0.911,0.001,22.22
New Zealand,2020-12-18,2110.0,0.0,2.571,25.0,0.0,0.0,437.557,0.0,0.533,5.184,0.0,0.0,0.99,4949.0253968253965,1363124.0,282.675,1.0263047619047618,4379.0,0.908,0.001,22.22
New Zealand,2020-12-19,2116.0,6.0,2.857,25.0,0.0,0.0,438.801,1.244,0.592,5.184,0.0,0.0,0.98,4949.0253968253965,724716.5204678363,150.28651169590646,1.0263047619047618,4326.0,0.897,0.001,22.22
New Zealand,2020-12-20,2121.0,5.0,3.571,25.0,0.0,0.0,439.838,1.037,0.741,5.184,0.0,0.0,0.95,4949.0253968253965,1371889.0,284.492,1.0263047619047618,4273.0,0.886,0.001,22.22
New Zealand,2020-12-21,2121.0,0.0,3.571,25.0,0.0,0.0,439.838,0.0,0.741,5.184,0.0,0.0,0.92,2161.0,1374050.0,284.941,0.448,4265.0,0.884,0.001,22.22
New Zealand,2020-12-22,2128.0,7.0,4.0,25.0,0.0,0.0,441.289,1.452,0.829,5.184,0.0,0.0,0.9,4949.0253968253965,724716.5204678363,150.28651169590646,1.0263047619047618,4210.0,0.873,0.001,22.22
New Zealand,2020-12-23,2128.0,0.0,4.0,25.0,0.0,0.0,441.289,0.0,0.829,5.184,0.0,0.0,0.86,4949.0253968253965,1381545.0,286.495,1.0263047619047618,4155.0,0.862,0.001,22.22
New Zealand,2020-12-24,2128.0,0.0,2.571,25.0,0.0,0.0,441.289,0.0,0.533,5.184,0.0,0.0,0.83,4949.0253968253965,724716.5204678363,150.28651169590646,1.0263047619047618,3867.0,0.802,0.001,22.22
New Zealand,2020-12-25,2128.0,0.0,2.571,25.0,0.0,0.0,441.289,0.0,0.533,5.184,0.0,0.0,0.81,4949.0253968253965,724716.5204678363,150.28651169590646,1.0263047619047618,3579.0,0.742,0.001,22.22
New Zealand,2020-12-26,2144.0,16.0,4.0,25.0,0.0,0.0,444.607,3.318,0.829,5.184,0.0,0.0,0.8,4949.0253968253965,724716.5204678363,150.28651169590646,1.0263047619047618,3427.0,0.711,0.001,22.22
New Zealand,2020-12-27,2144.0,0.0,3.286,25.0,0.0,0.0,444.607,0.0,0.681,5.184,0.0,0.0,0.8,4949.0253968253965,1394812.0,289.246,1.0263047619047618,3275.0,0.679,0.001,22.22
New Zealand,2020-12-28,2151.0,7.0,4.286,25.0,0.0,0.0,446.059,1.452,0.889,5.184,0.0,0.0,0.8,4949.0253968253965,724716.5204678363,150.28651169590646,1.0263047619047618,3260.0,0.676,0.001,22.22
New Zealand,2020-12-29,2151.0,0.0,3.286,25.0,0.0,0.0,446.059,0.0,0.681,5.184,0.0,0.0,0.79,4949.0253968253965,1398932.0,290.1,1.0263047619047618,3019.0,0.626,0.001,22.22
New Zealand,2020-12-30,2162.0,11.0,4.857,25.0,0.0,0.0,448.34,2.281,1.007,5.184,0.0,0.0,0.79,4949.0253968253965,724716.5204678363,150.28651169590646,1.0263047619047618,2978.0,0.618,0.002,22.22
New Zealand,2020-12-31,2162.0,0.0,4.857,25.0,0.0,0.0,448.34,0.0,1.007,5.184,0.0,0.0,0.75,4949.0253968253965,1405854.0,291.536,1.0263047619047618,2999.0,0.622,0.002,22.22
New Zealand,2021-01-01,2162.0,0.0,4.857,25.0,0.0,0.0,448.34,0.0,1.007,5.184,0.0,0.0,0.73,4949.0253968253965,724716.5204678363,150.28651169590646,1.0263047619047618,2933.0,0.608,0.002,22.22
New Zealand,2021-01-02,2181.0,19.0,5.286,25.0,0.0,0.0,452.28,3.94,1.096,5.184,0.0,0.0,0.71,4949.0253968253965,724716.5204678363,150.28651169590646,1.0263047619047618,2867.0,0.595,0.002,22.22
New Zealand,2021-01-03,2181.0,0.0,5.286,25.0,0.0,0.0,452.28,0.0,1.096,5.184,0.0,0.0,0.7,4949.0253968253965,1414422.0,293.313,1.0263047619047618,2801.0,0.581,0.002,22.22
New Zealand,2021-01-04,2186.0,5.0,5.0,25.0,0.0,0.0,453.317,1.037,1.037,5.184,0.0,0.0,0.69,4949.0253968253965,724716.5204678363,150.28651169590646,1.0263047619047618,2860.0,0.593,0.002,22.22
New Zealand,2021-01-05,2186.0,0.0,5.0,25.0,0.0,0.0,453.317,0.0,1.037,5.184,0.0,0.0,0.68,4949.0253968253965,1419361.0,294.337,1.0263047619047618,2918.0,0.605,0.002,22.22
New Zealand,2021-01-06,2188.0,2.0,3.714,25.0,0.0,0.0,453.732,0.415,0.77,5.184,0.0,0.0,0.68,4949.0253968253965,724716.5204678363,150.28651169590646,1.0263047619047618,2954.0,0.613,0.001,22.22
New Zealand,2021-01-07,2188.0,0.0,3.714,25.0,0.0,0.0,453.732,0.0,0.77,5.184,0.0,0.0,0.68,4949.0253968253965,1426787.0,295.877,1.0263047619047618,2990.0,0.62,0.001,22.22
New Zealand,2021-01-08,2188.0,0.0,3.714,25.0,0.0,0.0,453.732,0.0,0.77,5.184,0.0,0.0,0.69,4949.0253968253965,724716.5204678363,150.28651169590646,1.0263047619047618,3138.0,0.651,0.001,22.22
New Zealand,2021-01-09,2219.0,31.0,5.429,25.0,0.0,0.0,460.16,6.429,1.126,5.184,0.0,0.0,0.71,4949.0253968253965,724716.5204678363,150.28651169590646,1.0263047619047618,3285.0,0.681,0.002,22.22
New Zealand,2021-01-10,2222.0,3.0,5.857,25.0,0.0,0.0,460.782,0.622,1.215,5.184,0.0,0.0,0.72,4949.0253968253965,1438446.0,298.295,1.0263047619047618,3432.0,0.712,0.002,22.22
New Zealand,2021-01-11,2222.0,0.0,5.143,25.0,0.0,0.0,460.782,0.0,1.066,5.184,0.0,0.0,0.74,2717.0,1441163.0,298.858,0.563,3467.0,0.719,0.001,22.22
New Zealand,2021-01-12,2228.0,6.0,6.0,25.0,0.0,0.0,462.027,1.244,1.244,5.184,0.0,0.0,0.78,4949.0253968253965,724716.5204678363,150.28651169590646,1.0263047619047618,3617.0,0.75,0.002,22.22
New Zealand,2021-01-13,2228.0,0.0,5.714,25.0,0.0,0.0,462.027,0.0,1.185,5.184,0.0,0.0,0.8,4949.0253968253965,1448199.0,300.317,1.0263047619047618,3589.0,0.744,0.002,22.22
New Zealand,2021-01-14,2246.0,18.0,8.286,25.0,0.0,0.0,465.759,3.733,1.718,5.184,0.0,0.0,0.84,4949.0253968253965,724716.5204678363,150.28651169590646,1.0263047619047618,3693.0,0.766,0.002,22.22
New Zealand,2021-01-15,2246.0,0.0,8.286,25.0,0.0,0.0,465.759,0.0,1.718,5.184,0.0,0.0,0.83,4949.0253968253965,1457076.0,302.158,1.0263047619047618,3772.0,0.782,0.002,22.22
New Zealand,2021-01-16,2256.0,10.0,5.286,25.0,0.0,0.0,467.833,2.074,1.096,5.184,0.0,0.0,0.84,4949.0253968253965,724716.5204678363,150.28651169590646,1.0263047619047618,3703.0,0.768,0.001,22.22
New Zealand,2021-01-17,2262.0,6.0,5.714,25.0,0.0,0.0,469.077,1.244,1.185,5.184,0.0,0.0,0.84,4949.0253968253965,1463890.0,303.571,1.0263047619047618,3635.0,0.754,0.002,22.22
New Zealand,2021-01-18,2262.0,0.0,5.714,25.0,0.0,0.0,469.077,0.0,1.185,5.184,0.0,0.0,0.83,1868.0,1465758.0,303.958,0.387,3514.0,0.729,0.002,22.22
New Zealand,2021-01-19,2267.0,5.0,5.571,25.0,0.0,0.0,470.114,1.037,1.155,5.184,0.0,0.0,0.84,4949.0253968253965,724716.5204678363,150.28651169590646,1.0263047619047618,3480.0,0.722,0.002,22.22
New Zealand,2021-01-20,2267.0,0.0,5.571,25.0,0.0,0.0,470.114,0.0,1.155,5.184,0.0,0.0,0.84,4949.0253968253965,1472326.0,305.32,1.0263047619047618,3447.0,0.715,0.002,22.22
New Zealand,2021-01-21,2276.0,9.0,4.286,25.0,0.0,0.0,471.981,1.866,0.889,5.184,0.0,0.0,0.86,4949.0253968253965,724716.5204678363,150.28651169590646,1.0263047619047618,3410.0,0.707,0.001,22.22
New Zealand,2021-01-22,2276.0,0.0,4.286,25.0,0.0,0.0,471.981,0.0,0.889,5.184,0.0,0.0,0.86,4949.0253968253965,1480691.0,307.055,1.0263047619047618,3374.0,0.7,0.001,22.22
New Zealand,2021-01-23,2283.0,7.0,3.857,25.0,0.0,0.0,473.432,1.452,0.8,5.184,0.0,0.0,0.87,4949.0253968253965,724716.5204678363,150.28651169590646,1.0263047619047618,3354.0,0.696,0.001,22.22
New Zealand,2021-01-24,2288.0,5.0,3.714,25.0,0.0,0.0,474.469,1.037,0.77,5.184,0.0,0.0,0.87,4949.0253968253965,1487234.0,308.412,1.0263047619047618,3335.0,0.692,0.001,22.22
New Zealand,2021-01-25,2290.0,2.0,4.0,25.0,0.0,0.0,474.884,0.415,0.829,5.184,0.0,0.0,0.87,2679.0,1489913.0,308.967,0.556,3451.0,0.716,0.001,22.22
New Zealand,2021-01-26,2295.0,5.0,4.0,25.0,0.0,0.0,475.921,1.037,0.829,5.184,0.0,0.0,0.88,3582.0,1493495.0,309.71,0.743,3493.0,0.724,0.001,22.22
New Zealand,2021-01-27,2299.0,4.0,4.571,25.0,0.0,0.0,476.75,0.829,0.948,5.184,0.0,0.0,0.88,10814.0,1504309.0,311.953,2.243,4569.0,0.947,0.001,22.22
New Zealand,2021-01-28,2305.0,6.0,4.143,25.0,0.0,0.0,477.994,1.244,0.859,5.184,0.0,0.0,0.88,8307.0,1512616.0,313.675,1.723,5158.0,1.07,0.001,22.22
New Zealand,2021-01-29,2303.0,-2.0,3.857,25.0,0.0,0.0,477.58,-0.415,0.8,5.184,0.0,0.0,0.88,6121.0,1518737.0,314.945,1.269,5435.0,1.127,0.001,22.22
New Zealand,2021-01-30,2304.0,1.0,3.0,25.0,0.0,0.0,477.787,0.207,0.622,5.184,0.0,0.0,0.87,7871.0,1526608.0,316.577,1.632,6092.0,1.263,0.0,22.22
New Zealand,2021-01-31,2304.0,0.0,2.286,25.0,0.0,0.0,477.787,0.0,0.474,5.184,0.0,0.0,0.87,5667.0,1532275.0,317.752,1.175,6434.0,1.334,0.0,22.22
New Zealand,2021-02-01,2307.0,3.0,2.429,25.0,0.0,0.0,478.409,0.622,0.504,5.184,0.0,0.0,0.88,3017.0,1535292.0,318.378,0.626,6483.0,1.344,0.0,22.22
New Zealand,2021-02-02,2308.0,1.0,1.857,25.0,0.0,0.0,478.616,0.207,0.385,5.184,0.0,0.0,0.88,2302.0,1537594.0,318.855,0.477,6300.0,1.306,0.0,22.22
New Zealand,2021-02-03,2313.0,5.0,2.0,25.0,0.0,0.0,479.653,1.037,0.415,5.184,0.0,0.0,0.89,4107.0,1541701.0,319.707,0.852,5342.0,1.108,0.0,22.22
New Zealand,2021-02-04,2315.0,2.0,1.429,25.0,0.0,0.0,480.068,0.415,0.296,5.184,0.0,0.0,0.89,5131.0,1546832.0,320.771,1.064,4888.0,1.014,0.0,22.22
New Zealand,2021-02-05,2315.0,0.0,1.714,25.0,0.0,0.0,480.068,0.0,0.355,5.184,0.0,0.0,0.9,4875.0,1551707.0,321.782,1.011,4710.0,0.977,0.0,22.22
New Zealand,2021-02-06,2320.0,5.0,2.286,25.0,0.0,0.0,481.105,1.037,0.474,5.184,0.0,0.0,0.91,4949.0253968253965,724716.5204678363,150.28651169590646,1.0263047619047618,4118.0,0.854,0.001,22.22
New Zealand,2021-02-07,2320.0,0.0,2.286,25.0,0.0,0.0,481.105,0.0,0.474,5.184,0.0,0.0,0.91,4949.0253968253965,724716.5204678363,150.28651169590646,1.0263047619047618,3841.0,0.797,0.001,22.22
New Zealand,2021-02-08,2322.0,2.0,2.143,25.0,0.0,0.0,481.52,0.415,0.444,5.184,0.0,0.0,0.93,4949.0253968253965,1562891.0,324.101,1.0263047619047618,3943.0,0.818,0.001,22.22
New Zealand,2021-02-09,2324.0,2.0,2.286,25.0,0.0,0.0,481.934,0.415,0.474,5.184,0.0,0.0,0.94,4949.0253968253965,724716.5204678363,150.28651169590646,1.0263047619047618,4128.0,0.856,0.001,22.22
New Zealand,2021-02-10,2324.0,0.0,1.571,25.0,0.0,0.0,481.934,0.0,0.326,5.184,0.0,0.0,0.96,4949.0253968253965,724716.5204678363,150.28651169590646,1.0263047619047618,4056.0,0.841,0.0,22.22
New Zealand,2021-02-11,2326.0,2.0,1.571,25.0,0.0,0.0,482.349,0.415,0.326,5.184,0.0,0.0,0.98,4949.0253968253965,1573692.0,326.341,1.0263047619047618,3837.0,0.796,0.0,22.22
New Zealand,2021-02-12,2328.0,2.0,1.857,25.0,0.0,0.0,482.764,0.415,0.385,5.184,0.0,0.0,1.01,5090.0,1578782.0,327.396,1.056,3868.0,0.802,0.0,22.22
New Zealand,2021-02-13,2330.0,2.0,1.429,25.0,0.0,0.0,483.179,0.415,0.296,5.184,0.0,0.0,1.04,4949.0253968253965,724716.5204678363,150.28651169590646,1.0263047619047618,3909.0,0.811,0.0,22.22
New Zealand,2021-02-14,2336.0,6.0,2.286,25.0,0.0,0.0,484.423,1.244,0.474,5.184,0.0,0.0,1.07,4949.0253968253965,1586816.0,329.062,1.0263047619047618,3950.0,0.819,0.001,22.22
New Zealand,2021-02-15,2337.0,1.0,2.143,26.0,1.0,0.143,484.63,0.207,0.444,5.392,0.207,0.03,1.08,3133.0,1589949.0,329.712,0.65,3865.0,0.801,0.001,62.5
New Zealand,2021-02-16,2340.0,3.0,2.286,26.0,0.0,0.143,485.252,0.622,0.474,5.392,0.0,0.03,1.09,5821.0,1595770.0,330.919,1.207,4183.0,0.867,0.001,62.5
New Zealand,2021-02-17,2344.0,4.0,2.857,26.0,0.0,0.143,486.082,0.829,0.592,5.392,0.0,0.03,1.1,17441.0,1613211.0,334.536,3.617,6160.0,1.277,0.0,62.5
New Zealand,2021-02-18,2348.0,4.0,3.143,26.0,0.0,0.143,486.911,0.829,0.652,5.392,0.0,0.03,1.1,16642.0,1629853.0,337.987,3.451,8023.0,1.664,0.0,39.35
New Zealand,2021-02-19,2350.0,2.0,3.143,26.0,0.0,0.143,487.326,0.415,0.652,5.392,0.0,0.03,1.1,10833.0,1640686.0,340.234,2.246,8843.0,1.834,0.0,39.35
New Zealand,2021-02-20,2350.0,0.0,2.857,26.0,0.0,0.143,487.326,0.0,0.592,5.392,0.0,0.03,1.1,10349.0,1651035.0,342.38,2.146,9748.0,2.021,0.0,39.35
New Zealand,2021-02-21,2357.0,7.0,3.0,26.0,0.0,0.143,488.778,1.452,0.622,5.392,0.0,0.03,1.12,7394.0,1658429.0,343.913,1.533,10230.0,2.121,0.0,39.35
New Zealand,2021-02-22,2363.0,6.0,3.714,26.0,0.0,0.0,490.022,1.244,0.77,5.392,0.0,0.0,1.12,3892.0,1662321.0,344.72,0.807,10339.0,2.144,0.0,39.35
New Zealand,2021-02-23,2365.0,2.0,3.571,26.0,0.0,0.0,490.437,0.415,0.741,5.392,0.0,0.0,1.1,4125.0,1666446.0,345.576,0.855,10097.0,2.094,0.0,22.22
New Zealand,2021-02-24,2368.0,3.0,3.429,26.0,0.0,0.0,491.059,0.622,0.711,5.392,0.0,0.0,1.09,7836.0,1674282.0,347.201,1.625,8724.0,1.809,0.0,22.22
New Zealand,2021-02-25,2371.0,3.0,3.286,26.0,0.0,0.0,491.681,0.622,0.681,5.392,0.0,0.0,1.08,9269.0,1683551.0,349.123,1.922,7671.0,1.591,0.0,37.97939393939374
New Zealand,2021-02-26,2372.0,1.0,3.143,26.0,0.0,0.0,491.888,0.207,0.652,5.392,0.0,0.0,1.07,10128.0,1693679.0,351.223,2.1,7570.0,1.57,0.0,37.97939393939374
New Zealand,2021-02-27,2376.0,4.0,3.714,26.0,0.0,0.0,492.718,0.829,0.77,5.392,0.0,0.0,1.08,7683.0,1701362.0,352.816,1.593,7190.0,1.491,0.001,37.97939393939374
New Zealand,2021-02-28,2378.0,2.0,3.0,26.0,0.0,0.0,493.133,0.415,0.622,5.392,0.0,0.0,1.08,6018.0,1707380.0,354.064,1.248,6993.0,1.45,0.0,37.97939393939374
New Zealand,2021-03-01,2382.0,4.0,2.714,26.0,0.0,0.0,493.962,0.829,0.563,5.392,0.0,0.0,1.09,4649.0,1712029.0,355.028,0.964,7101.0,1.473,0.0,37.97939393939374
New Zealand,2021-03-02,2384.0,2.0,2.714,26.0,0.0,0.0,494.377,0.415,0.563,5.392,0.0,0.0,1.09,8880.0,1720909.0,356.87,1.841,7780.0,1.613,0.0,37.97939393939374
New Zealand,2021-03-03,2389.0,5.0,3.0,26.0,0.0,0.0,495.414,1.037,0.622,5.392,0.0,0.0,1.1,16022.0,1736931.0,360.192,3.323,8950.0,1.856,0.0,37.97939393939374
New Zealand,2021-03-04,2389.0,0.0,2.571,26.0,0.0,0.0,495.414,0.0,0.533,5.392,0.0,0.0,1.1,14674.0,1751605.0,363.235,3.043,9722.0,2.016,0.0,37.97939393939374
New Zealand,2021-03-05,2398.0,9.0,3.714,26.0,0.0,0.0,497.28,1.866,0.77,5.392,0.0,0.0,1.11,11403.0,1763008.0,365.6,2.365,9904.0,2.054,0.0,37.97939393939374
New Zealand,2021-03-06,2399.0,1.0,3.286,26.0,0.0,0.0,497.487,0.207,0.681,5.392,0.0,0.0,1.09,9472.0,1772480.0,367.564,1.964,10160.0,2.107,0.0,37.97939393939374
New Zealand,2021-03-07,2405.0,6.0,3.857,26.0,0.0,0.0,498.732,1.244,0.8,5.392,0.0,0.0,1.09,6733.0,1779213.0,368.96,1.396,10262.0,2.128,0.0,37.97939393939374
New Zealand,2021-03-08,2409.0,4.0,3.857,26.0,0.0,0.0,499.561,0.829,0.8,5.392,0.0,0.0,1.08,3965.0,1783178.0,369.783,0.822,10164.0,2.108,0.0,37.97939393939374
New Zealand,2021-03-09,2410.0,1.0,3.714,26.0,0.0,0.0,499.768,0.207,0.77,5.392,0.0,0.0,1.06,4949.0253968253965,724716.5204678363,150.28651169590646,1.0263047619047618,9797.0,2.032,0.0,37.97939393939374
New Zealand,2021-03-10,2416.0,6.0,3.857,26.0,0.0,0.0,501.013,1.244,0.8,5.392,0.0,0.0,1.06,4949.0253968253965,724716.5204678363,150.28651169590646,1.0263047619047618,8409.0,1.744,0.0,37.97939393939374
New Zealand,2021-03-11,2417.0,1.0,4.0,26.0,0.0,0.0,501.22,0.207,0.829,5.392,0.0,0.0,1.04,4949.0253968253965,724716.5204678363,150.28651169590646,1.0263047619047618,7213.0,1.496,0.001,37.97939393939374
New Zealand,2021-03-12,2422.0,5.0,3.429,26.0,0.0,0.0,502.257,1.037,0.711,5.392,0.0,0.0,1.04,4949.0253968253965,1808406.0,375.014,1.0263047619047618,6485.0,1.345,0.001,37.97939393939374
New Zealand,2021-03-13,2423.0,1.0,3.429,26.0,0.0,0.0,502.464,0.207,0.711,5.392,0.0,0.0,1.03,4949.0253968253965,724716.5204678363,150.28651169590646,1.0263047619047618,5752.0,1.193,0.001,37.97939393939374
New Zealand,2021-03-14,2430.0,7.0,3.571,26.0,0.0,0.0,503.916,1.452,0.741,5.392,0.0,0.0,0.8726966292134837,4949.0253968253965,724716.5204678363,150.28651169590646,1.0263047619047618,5410.0,1.122,0.001,37.97939393939374
